名字,开放时间,评分,建议游玩时间,门票,来源城市,纬度,经度
五指山Wuzhishan,7:30-16:00,5,2.5,0,三亚,18.2528,109.5119
孙中山故居纪念馆Sun Yat-Sen Memorial Hall,09:00-17:30,4.6,2.5,0.5,中山,22.5159,113.3926
雪山峡谷演艺公园Snow Mountain Canyon Park,8:00-17:30,4.8,1.5,800,丽江,26.8721,100.2296
石花水洞Shihua Water Tunnel,09:00-17:00,4.5,1.5,60,儋州,19.5209,109.582
红螺寺Hongluo Temple,08:30-17:00,4.8,3.5,54,北京,39.9042,116.4074
阆中古城地质矿物博览馆Langzhong Ancient City Geological Exhibition Hall,09:00-18:00,4.9,2.5,45,南充,30.8375,106.0806
石梁飞瀑Shiliang Waterfall,8:00-16:00,4.7,3,50,台州,28.6564,121.4208
乌素图召Wusutuzhao Temples,8:00-18:00,4.8,2.5,5,呼和浩特,40.8426,111.749
印象林花生态谷Impression Linhua Ecological Valley,9:00-16:30,4.5,2.5,60,咸宁,29.8413,114.3228
内城Neicheng,8:30-18:00,4.5,1,120,嘉峪关,39.8023,98.2901
张家花园Zhangjia Garden,8:00-19:00,5,1.5,80,大理,25.6065,100.2676
天柱山Tianzhu Mountain,7:00-17:30,4.7,108,130,安庆,30.5086,117.0472
天井峡景区Tianjing Gorge Scenic Area,7:00-18:00,4.6,12,20,定西,35.5807,104.6266
龙王洞Longwang Cave,08:30-16:30,4.7,1,50,常德,29.0316,111.6537
中山纪念堂Sun Yat-Sen Memorial,09:00-17:30,4.7,2.5,138,广州,23.1291,113.2644
神农溪纤夫文化走廊Shennong Stream Qianfu Cultural Tourism Area,08:30-17:30,4.4,2.75,95,恩施,30.2722,109.488
惠州西湖Huizhou West Lake,8:00-21:00,4.6,12,4,惠州,23.1103,114.4168
成都爱道堂,8:30-17:00,5,1.5,0,成都,30.5728,104.0668
瘦西湖Slender West Lake,06:30-17:30,4.7,4.5,95,扬州,32.3929,119.421
青龙洞Qinglong Cave,8:00-16:00,4.6,1.5,20,攀枝花,26.5823,101.716
珏山Jueshan Mountain,8:00-5:00,4.6,3.5,50,晋城,35.4907,112.8513
金沙滩生态旅游区Golden Beach Ecotourism Area,8:00-19:00,3.9,72,258,朔州,39.3316,112.432
富春江Fuchun River,8:00-17:00,5,2,1,杭州,30.2741,120.1551
永仁方山Yongren Square Mountain,08:00-18:00,4.7,2,10,楚雄州,25.0367,101.546
玄武山（元山寺）Xuanwu Mountain (Yuanshan Temple),8:30-17:00,4.6,1.5,8,汕尾,22.7877,115.3751
万绿湖风景区Wanlu Lake Scenic Spot,09:00-14:00,4.6,2.95,31.8,河源,23.7338,114.7074
泸州老窖景区,9:00-17:00,4.8,1.5,35,泸州,28.8724,105.4479
济南动物园Jinan Zoo,08:30-17:00,4.7,4,23.4,济南,36.6512,117.1201
济渎庙Jidu Temple,08:00-17:30,4.6,2.5,7,济源,35.0671,112.5876
雷琼海口火山群世界地质公园Leiqiong UNESCO Global Geopark,8:00-18:00,4.6,2.5,45,海口,20.0442,110.1983
美林湖温泉Mayland Resort Hotel,09:00-00:00,4.7,2.5,118,清远,23.682,113.0118
黄花溪Huanghua Creek,08:00-17:30,4.6,2.5,90,潍坊,36.7068,119.1035
白石岭Baishi Ridge,8:30-17:30,4.6,3,30,琼海,19.2592,110.4745
林则徐纪念馆Lin Zexu Memorial Hall,8:30-17:00,4.7,1.25,279,福州,26.0745,119.2965
罗荣桓故居Luoronghuan Former Residence,9:00-17:00,4.6,2.5,0,衡阳,26.893,112.5707
黔灵山公园Qianling Mountain Park,07:00-18:00,4.6,3.5,9,贵阳,26.6477,106.6302
姑婆山Gupo Mountain,08:00-17:00,4.6,12,60,贺州,24.4033,111.5672
梅里雪山国家公园Meili Snow Mountain,6:00-16:30,4.7,108,8,迪庆,27.8268,99.7071
龙湾群国家森林公园四方顶景区,07:00-17:00,5,12,50,通化,41.7212,125.9406
柏乡牡丹世界旅游景区,9:00-18:00,5,2.5,30,邢台,37.07,114.504
鄂尔多斯大草原Ordos Prairie,8:00-22:00,4.6,6,39.9,鄂尔多斯,39.6085,109.7813
铁煤蒸汽机车博物馆Tiemeizhengqijiche Museum,08:30-16:00,4.4,1,80,铁岭,42.286,123.8443
马鞍山马钢盆山Ma'anshan Magangpen Mountain,8:00-17:00,5,72,5,马鞍山,31.6765,118.5065
